model_name,parameter,computed_count,total_images,completeness_pct,mean,std,min,median,max
rtmw_l_wholebody,variation_id,208,208,100.0,13.5,7.5181,1.0,13.5,26.0
rtmw_l_wholebody,hand_refined_left,208,208,100.0,1.0,0.0,1.0,1.0,1.0
rtmw_l_wholebody,hand_refined_right,208,208,100.0,1.0,0.0,1.0,1.0,1.0
rtmw_l_wholebody,processing_ms,208,208,100.0,581.527,90.8997,423.81,580.14,1015.77
rtmw_l_wholebody,detect_ms,208,208,100.0,404.0475,68.131,295.15,405.055,734.64
rtmw_l_wholebody,pose_ms,208,208,100.0,177.4796,38.0127,126.58,169.655,418.46
rtmw_l_wholebody,landmarks_supported_by_model,208,208,100.0,67.0,0.0,67.0,67.0,67.0
rtmw_l_wholebody,required_landmarks_available,208,208,100.0,1.0,0.0,1.0,1.0,1.0
rtmw_l_wholebody,parameter_calculation_ok,208,208,100.0,1.0,0.0,1.0,1.0,1.0
rtmw_l_wholebody,landmarks_available_count,208,208,100.0,64.2452,5.2404,44.0,67.0,67.0
rtmw_l_wholebody,body_landmarks_available,208,208,100.0,1.0,0.0,1.0,1.0,1.0
rtmw_l_wholebody,feet_landmarks_available,208,208,100.0,1.0,0.0,1.0,1.0,1.0
rtmw_l_wholebody,arm_landmarks_available,208,208,100.0,1.0,0.0,1.0,1.0,1.0
rtmw_l_wholebody,left_hand_available,208,208,100.0,0.6875,0.4646,0.0,1.0,1.0
rtmw_l_wholebody,right_hand_available,208,208,100.0,0.7212,0.4495,0.0,1.0,1.0
rtmw_l_wholebody,left_knee_flexion_deg,208,208,100.0,34.4131,48.5831,0.0313,9.2793,160.3436
rtmw_l_wholebody,right_knee_flexion_deg,208,208,100.0,35.4267,48.3856,0.0705,10.3237,163.5055
rtmw_l_wholebody,mean_knee_flexion_deg,208,208,100.0,34.9199,47.6811,0.6524,9.8785,157.4999
rtmw_l_wholebody,left_knee_joint_angle_deg,208,208,100.0,145.5869,48.5831,19.6564,170.7207,179.9687
rtmw_l_wholebody,right_knee_joint_angle_deg,208,208,100.0,144.5733,48.3856,16.4945,169.6763,179.9295
rtmw_l_wholebody,knee_asymmetry_deg,107,208,51.4,8.3222,12.3808,0.0804,3.2251,61.9555
rtmw_l_wholebody,foot_separation_norm,107,208,51.4,0.4811,0.2871,0.0,0.4159,1.2303
rtmw_l_wholebody,heel_separation_norm,107,208,51.4,0.4071,0.2686,0.043,0.3061,1.1628
rtmw_l_wholebody,toe_separation_norm,107,208,51.4,0.7113,0.5526,0.0,0.4901,2.1662
rtmw_l_wholebody,toe_heel_separation_ratio,107,208,51.4,2.0453,2.3233,0.0,1.4032,18.7882
rtmw_l_wholebody,foot_line_deviation_deg,107,208,51.4,10.9554,15.0446,0.0,5.1944,90.0
rtmw_l_wholebody,ankle_line_deviation_deg,106,208,51.0,11.3858,16.333,0.0,5.6084,90.0
rtmw_l_wholebody,left_foot_turnout_deg,98,208,47.1,42.049,28.874,0.0,41.169,90.0
rtmw_l_wholebody,right_foot_turnout_deg,99,208,47.6,38.1673,30.9277,0.0,37.6942,90.0
rtmw_l_wholebody,mean_foot_turnout_deg,105,208,50.5,40.0991,28.9526,0.0,39.0695,90.0
rtmw_l_wholebody,foot_turnout_asymmetry_deg,92,208,44.2,10.9411,12.1198,0.0,7.3697,75.2801
rtmw_l_wholebody,left_knee_foot_alignment_deg,107,208,51.4,48.7922,29.3201,0.3311,46.0556,89.9999
rtmw_l_wholebody,right_knee_foot_alignment_deg,107,208,51.4,47.6662,30.2235,2.4488,48.6915,89.4585
rtmw_l_wholebody,mean_knee_foot_alignment_deg,107,208,51.4,48.2292,28.029,2.0726,44.3459,85.9785
rtmw_l_wholebody,knee_spread_norm,107,208,51.4,0.9171,0.6953,0.0196,0.6873,2.9331
rtmw_l_wholebody,knee_over_ankle_spread_ratio,106,208,51.0,3.8276,13.4482,0.0227,1.8171,137.2783
rtmw_l_wholebody,trunk_inclination_deg,208,208,100.0,2.709,3.9772,0.0,1.5534,29.1602
rtmw_l_wholebody,hip_tilt_deg,106,208,51.0,2.6495,2.4549,0.0,1.9092,11.3099
rtmw_l_wholebody,shoulder_tilt_deg,107,208,51.4,1.7831,2.3419,0.0,1.1458,16.5571
rtmw_l_wholebody,pelvic_symmetry_deg,106,208,51.0,2.6495,2.4549,0.0,1.9092,11.3099
rtmw_l_wholebody,com_lateral_offset_norm,107,208,51.4,-0.0937,0.1285,-0.5666,-0.0807,0.1632
rtmw_l_wholebody,pelvis_lateral_offset_norm,107,208,51.4,-0.0661,0.1084,-0.5212,-0.049,0.17
rtmw_l_wholebody,leg_length_ratio_proxy,107,208,51.4,0.9598,0.0587,0.6481,0.9797,1.0
rtmw_l_wholebody,weight_shift_proxy,107,208,51.4,0.1076,0.0874,0.0035,0.0966,0.5439
rtmw_l_wholebody,left_heel_lift_norm,208,208,100.0,0.6277,1.6013,-2.846,0.1873,15.9998
rtmw_l_wholebody,right_heel_lift_norm,208,208,100.0,0.7163,1.5636,-1.5,0.3197,12.333
rtmw_l_wholebody,mean_heel_lift_norm,208,208,100.0,0.672,1.4621,-0.5571,0.2786,13.4999
rtmw_l_wholebody,hip_height_norm,208,208,100.0,8.3508,11.906,0.4479,2.5519,111.9988
rtmw_l_wholebody,knee_height_norm,208,208,100.0,3.8762,5.6958,-1.7794,1.2096,52.4994
rtmw_l_wholebody,hip_height_torso_norm,208,208,100.0,1.3508,0.3971,0.3454,1.4898,1.8345
rtmw_l_wholebody,knee_height_torso_norm,208,208,100.0,0.646,0.2306,-0.1969,0.7264,0.9058
rtmw_l_wholebody,trunk_foreshortening_ratio,208,208,100.0,6.4449,8.5858,1.1977,1.6381,79.0135
rtmw_l_wholebody,left_foot_length_norm,208,208,100.0,2.3841,2.9774,0.0741,0.7045,19.8495
rtmw_l_wholebody,right_foot_length_norm,208,208,100.0,2.3779,3.0866,0.0573,0.7792,24.1351
rtmw_l_wholebody,shin_crossing_angle_deg,107,208,51.4,32.0637,38.7164,0.04,16.1254,171.7532
rtmw_l_wholebody,shin_crossing_distance_norm,107,208,51.4,0.4203,0.3035,0.0,0.3842,1.2303
rtmw_l_wholebody,ankle_crossing_signed_norm,107,208,51.4,-0.0491,0.5516,-1.2296,-0.0741,1.0192
rtmw_l_wholebody,knee_crossing_signed_norm,107,208,51.4,0.1654,1.1383,-2.3646,0.3529,2.9159
rtmw_l_wholebody,left_ankle_hip_deviation_norm,107,208,51.4,0.1429,0.1403,0.0,0.098,0.711
rtmw_l_wholebody,right_ankle_hip_deviation_norm,107,208,51.4,0.2231,0.2203,0.0,0.1538,1.1658
rtmw_l_wholebody,left_elbow_shoulder_alignment_norm,107,208,51.4,0.5912,0.1457,0.25,0.6107,1.0863
rtmw_l_wholebody,right_elbow_shoulder_alignment_norm,107,208,51.4,0.6244,0.1318,0.2708,0.6397,1.0881
rtmw_l_wholebody,mean_elbow_shoulder_alignment_norm,107,208,51.4,0.6078,0.1372,0.2604,0.6295,1.0622
rtmw_l_wholebody,left_arm_abduction_deg,208,208,100.0,31.2311,22.2714,0.0,40.7579,72.8973
rtmw_l_wholebody,right_arm_abduction_deg,208,208,100.0,29.8322,19.8984,0.0,38.4537,72.7185
rtmw_l_wholebody,shoulder_width_px,208,208,100.0,187.5584,129.2221,6.2053,283.6191,395.6256
rtmw_l_wholebody,scale_px,208,208,100.0,187.5584,129.2221,6.2053,283.6191,395.6256
rtmw_l_wholebody,mudra_measurable,208,208,100.0,0.7788,0.416,0.0,1.0,1.0
rtmw_l_wholebody,shoulder_torso_ratio,208,208,100.0,0.4128,0.2921,0.0127,0.6106,0.8349
rtmw_l_wholebody,torso_height_px,208,208,100.0,468.4733,30.3724,375.3672,467.7116,582.5565
rtmw_l_wholebody,left_hand_palm_size_px,149,208,71.6,67.8075,57.235,0.0,64.9934,454.0301
rtmw_l_wholebody,left_hand_mean_finger_straightness_deg,125,208,60.1,149.2149,33.925,0.0,162.4237,180.0
rtmw_l_wholebody,left_hand_min_finger_straightness_deg,125,208,60.1,133.9683,42.7306,0.0,149.6943,180.0
rtmw_l_wholebody,left_hand_mean_finger_flexion_deg,125,208,60.1,30.7851,33.925,0.0,17.5763,180.0
rtmw_l_wholebody,left_hand_mean_interfinger_spread_deg,121,208,58.2,18.7149,22.7281,0.0,9.555,122.0129
rtmw_l_wholebody,left_hand_max_interfinger_spread_deg,121,208,58.2,32.1674,39.1115,0.0,16.3586,178.3331
rtmw_l_wholebody,left_hand_mean_adjacent_fingertip_gap_norm,127,208,61.1,0.4987,0.5261,0.0,0.3435,4.1334
rtmw_l_wholebody,left_hand_max_adjacent_fingertip_gap_norm,127,208,61.1,0.7493,0.8557,0.0,0.5763,6.3098
rtmw_l_wholebody,left_hand_index_pinky_tip_gap_norm,121,208,58.2,1.1195,1.064,0.0,0.8181,5.8995
rtmw_l_wholebody,left_hand_palm_opening_norm,128,208,61.5,1.2158,0.8303,0.152,1.0927,7.88
rtmw_l_wholebody,left_hand_pinky_relative_extension,121,208,58.2,1.0913,0.7585,0.1206,1.0,5.3324
rtmw_l_wholebody,left_hand_thumb_index_tip_distance_norm,113,208,54.3,0.9806,0.824,0.0,0.8844,4.2797
rtmw_l_wholebody,left_hand_thumb_middle_tip_distance_norm,109,208,52.4,1.3238,1.0555,0.0,1.1915,6.3
rtmw_l_wholebody,left_hand_fingertip_cluster_spread_norm,109,208,52.4,0.5762,0.4614,0.0,0.5054,2.7556
rtmw_l_wholebody,left_hand_extended_finger_contrast,125,208,60.1,-0.0932,0.6586,-5.8415,0.0051,0.6802
rtmw_l_wholebody,left_hand_ring_pinky_straightness_deg,118,208,56.7,155.5574,31.5177,0.0,169.9,180.0
rtmw_l_wholebody,left_hand_wrist_joint_angle_deg,128,208,61.5,109.9769,46.9607,2.9691,118.9348,177.4512
rtmw_l_wholebody,left_hand_wrist_deviation_deg,128,208,61.5,70.0231,46.9607,2.5488,61.0652,177.0309
rtmw_l_wholebody,left_hand_palm_axis_from_vertical_deg,128,208,61.5,65.9235,42.0054,0.0,72.4611,180.0
rtmw_l_wholebody,left_hand_wrist_lift_norm,197,208,94.7,0.4661,0.3139,-1.2083,0.365,1.0416
rtmw_l_wholebody,right_hand_palm_size_px,152,208,73.1,71.1969,56.4006,0.0,63.0879,450.0923
rtmw_l_wholebody,right_hand_mean_finger_straightness_deg,136,208,65.4,145.9516,32.3547,52.4934,161.8714,180.0
rtmw_l_wholebody,right_hand_min_finger_straightness_deg,136,208,65.4,125.7323,48.7125,0.0,144.2048,180.0
rtmw_l_wholebody,right_hand_mean_finger_flexion_deg,136,208,65.4,34.0484,32.3547,0.0,18.1286,127.5066
rtmw_l_wholebody,right_hand_mean_interfinger_spread_deg,135,208,64.9,21.8885,28.2524,0.0,9.8969,135.9335
rtmw_l_wholebody,right_hand_max_interfinger_spread_deg,135,208,64.9,38.6383,48.0494,0.0,17.2528,180.0
rtmw_l_wholebody,right_hand_mean_adjacent_fingertip_gap_norm,136,208,65.4,0.4642,0.5244,0.0,0.3458,4.5702
rtmw_l_wholebody,right_hand_max_adjacent_fingertip_gap_norm,136,208,65.4,0.7726,1.1842,0.0,0.5494,12.42
rtmw_l_wholebody,right_hand_index_pinky_tip_gap_norm,132,208,63.5,1.0309,1.2065,0.0,0.8846,12.7723
rtmw_l_wholebody,right_hand_palm_opening_norm,136,208,65.4,1.1868,0.9278,0.172,1.0537,8.1315
rtmw_l_wholebody,right_hand_pinky_relative_extension,132,208,63.5,0.9834,0.5462,0.161,0.9809,5.7978
rtmw_l_wholebody,right_hand_thumb_index_tip_distance_norm,125,208,60.1,0.9387,0.7281,0.0,0.8984,4.125
rtmw_l_wholebody,right_hand_thumb_middle_tip_distance_norm,125,208,60.1,1.2875,0.886,0.0,1.2098,5.2286
rtmw_l_wholebody,right_hand_fingertip_cluster_spread_norm,124,208,59.6,0.5434,0.3715,0.0,0.4921,2.2794
rtmw_l_wholebody,right_hand_extended_finger_contrast,136,208,65.4,-0.0669,0.3231,-1.181,-0.0057,0.6898
rtmw_l_wholebody,right_hand_ring_pinky_straightness_deg,135,208,64.9,146.8251,40.2405,0.0,169.1442,180.0
rtmw_l_wholebody,right_hand_wrist_joint_angle_deg,139,208,66.8,121.0887,43.2099,6.5918,130.7627,179.8281
rtmw_l_wholebody,right_hand_wrist_deviation_deg,139,208,66.8,58.9113,43.2099,0.1719,49.2373,173.4082
rtmw_l_wholebody,right_hand_palm_axis_from_vertical_deg,139,208,66.8,70.5326,37.8061,0.0,77.3005,180.0
rtmw_l_wholebody,right_hand_wrist_lift_norm,202,208,97.1,0.4306,0.2965,-0.8779,0.3601,1.0625
rtmw_l_wholebody,recognition_confidence,208,208,100.0,0.8678,0.1416,0.0,0.9133,0.9997
rtmw_l_wholebody,score_SAMAPADHAM,208,208,100.0,0.6521,0.3388,0.0082,0.8663,0.9773
rtmw_l_wholebody,score_ARAMANDI,208,208,100.0,0.6157,0.2324,0.0191,0.6568,0.9913
rtmw_l_wholebody,score_MUZHUMANDI,208,208,100.0,0.2325,0.2911,0.0223,0.0988,0.9751
rtmw_l_wholebody,score_SWASTIKAPADAM,208,208,100.0,0.5873,0.2856,0.0,0.6306,0.9997
rtmw_l_wholebody,score_PATAKA,154,208,74.0,0.6592,0.2621,0.005,0.7031,0.9951
rtmw_l_wholebody,score_ALAPADMA,154,208,74.0,0.5155,0.1921,0.0097,0.5254,0.9842
rtmw_l_wholebody,score_MUSHTI,154,208,74.0,0.472,0.2074,0.0201,0.4345,0.992
rtmw_l_wholebody,score_KATAKAMUKHA,152,208,73.1,0.4165,0.2036,0.0017,0.4223,0.9639
rtmw_l_wholebody,primary_value,205,208,98.6,24.9662,27.6998,-0.0984,18.5576,159.6271
rtmw_l_wholebody,posture_correct,208,208,100.0,0.6298,0.484,0.0,1.0,1.0
rtmw_l_wholebody,status_correct,208,208,100.0,0.5481,0.4989,0.0,1.0,1.0
rtmw_l_wholebody,error_correct,208,208,100.0,0.1971,0.3988,0.0,0.0,1.0
rtmw_l_wholebody,unused_landmark_slots,208,208,100.0,2.7548,5.2404,0.0,0.0,23.0
dwpose_l_wholebody,variation_id,208,208,100.0,13.5,7.5181,1.0,13.5,26.0
dwpose_l_wholebody,hand_refined_left,208,208,100.0,0.9808,0.1377,0.0,1.0,1.0
dwpose_l_wholebody,hand_refined_right,208,208,100.0,0.9808,0.1377,0.0,1.0,1.0
dwpose_l_wholebody,processing_ms,208,208,100.0,673.0008,68.4023,578.97,658.985,1179.52
dwpose_l_wholebody,detect_ms,208,208,100.0,451.4872,46.3771,387.01,442.655,875.08
dwpose_l_wholebody,pose_ms,208,208,100.0,221.5137,38.573,155.82,212.44,405.45
dwpose_l_wholebody,landmarks_supported_by_model,208,208,100.0,67.0,0.0,67.0,67.0,67.0
dwpose_l_wholebody,required_landmarks_available,208,208,100.0,0.9952,0.0693,0.0,1.0,1.0
dwpose_l_wholebody,parameter_calculation_ok,208,208,100.0,1.0,0.0,1.0,1.0,1.0
dwpose_l_wholebody,landmarks_available_count,208,208,100.0,60.4663,9.2213,30.0,66.0,67.0
dwpose_l_wholebody,body_landmarks_available,208,208,100.0,0.9952,0.0693,0.0,1.0,1.0
dwpose_l_wholebody,feet_landmarks_available,208,208,100.0,1.0,0.0,1.0,1.0,1.0
dwpose_l_wholebody,arm_landmarks_available,208,208,100.0,0.9952,0.0693,0.0,1.0,1.0
dwpose_l_wholebody,left_hand_available,208,208,100.0,0.649,0.4784,0.0,1.0,1.0
dwpose_l_wholebody,right_hand_available,208,208,100.0,0.5625,0.4973,0.0,1.0,1.0
dwpose_l_wholebody,left_knee_flexion_deg,208,208,100.0,28.7989,42.1311,0.1688,7.0292,158.863
dwpose_l_wholebody,right_knee_flexion_deg,207,208,99.5,32.0223,44.3744,0.0381,8.0117,152.7634
dwpose_l_wholebody,mean_knee_flexion_deg,208,208,100.0,30.5215,42.254,0.745,7.4833,155.8132
dwpose_l_wholebody,left_knee_joint_angle_deg,208,208,100.0,151.2011,42.1311,21.137,172.9708,179.8312
dwpose_l_wholebody,right_knee_joint_angle_deg,207,208,99.5,147.9777,44.3744,27.2366,171.9883,179.9619
dwpose_l_wholebody,knee_asymmetry_deg,107,208,51.4,9.5968,15.5867,0.403,4.6701,133.7488
dwpose_l_wholebody,foot_separation_norm,108,208,51.9,0.4604,0.34,0.0191,0.4034,1.4764
dwpose_l_wholebody,heel_separation_norm,108,208,51.9,0.3874,0.3276,0.0146,0.3092,1.5644
dwpose_l_wholebody,toe_separation_norm,108,208,51.9,0.576,0.5753,0.0142,0.3289,2.1877
dwpose_l_wholebody,toe_heel_separation_ratio,108,208,51.9,1.7019,1.3695,0.0703,1.2654,5.8526
dwpose_l_wholebody,foot_line_deviation_deg,108,208,51.9,13.6221,16.306,0.0,7.7306,90.0
dwpose_l_wholebody,ankle_line_deviation_deg,108,208,51.9,11.2368,14.8779,0.0,5.7982,75.9641
dwpose_l_wholebody,left_foot_turnout_deg,89,208,42.8,49.6491,27.3623,0.0,59.0365,88.1816
dwpose_l_wholebody,right_foot_turnout_deg,87,208,41.8,44.3027,28.8245,0.0,53.13,90.0
dwpose_l_wholebody,mean_foot_turnout_deg,90,208,43.3,46.8841,26.9121,1.3012,56.6497,86.9726
dwpose_l_wholebody,foot_turnout_asymmetry_deg,86,208,41.3,10.5707,11.233,0.0,6.8035,48.7782
dwpose_l_wholebody,left_knee_foot_alignment_deg,108,208,51.9,48.7959,28.1078,0.4006,48.9092,89.8854
dwpose_l_wholebody,right_knee_foot_alignment_deg,107,208,51.4,52.6856,28.0223,2.8713,59.1811,89.8671
dwpose_l_wholebody,mean_knee_foot_alignment_deg,108,208,51.9,50.7801,26.6976,6.1653,56.3903,87.5308
dwpose_l_wholebody,knee_spread_norm,107,208,51.4,0.8708,0.6646,0.0319,0.6269,3.0447
dwpose_l_wholebody,knee_over_ankle_spread_ratio,107,208,51.4,3.9155,6.279,0.2287,1.6655,39.9571
dwpose_l_wholebody,trunk_inclination_deg,208,208,100.0,2.9468,4.2298,0.0,1.9878,26.9743
dwpose_l_wholebody,hip_tilt_deg,108,208,51.9,2.422,3.1006,0.0,1.2188,18.4351
dwpose_l_wholebody,shoulder_tilt_deg,108,208,51.9,2.4222,2.9197,0.0,2.1476,20.556
dwpose_l_wholebody,pelvic_symmetry_deg,108,208,51.9,2.422,3.1006,0.0,1.2188,18.4351
dwpose_l_wholebody,com_lateral_offset_norm,108,208,51.9,-0.086,0.1654,-0.8547,-0.086,0.4779
dwpose_l_wholebody,pelvis_lateral_offset_norm,108,208,51.9,-0.0513,0.1516,-0.8547,-0.0327,0.6106
dwpose_l_wholebody,leg_length_ratio_proxy,108,208,51.9,0.9695,0.0364,0.8311,0.9825,1.0
dwpose_l_wholebody,weight_shift_proxy,108,208,51.9,0.1206,0.1186,0.0061,0.1011,0.8547
dwpose_l_wholebody,left_heel_lift_norm,208,208,100.0,0.5537,1.1345,-3.0001,0.2636,6.1847
dwpose_l_wholebody,right_heel_lift_norm,208,208,100.0,0.5751,0.9637,-2.2188,0.2821,4.3657
dwpose_l_wholebody,mean_heel_lift_norm,208,208,100.0,0.5644,0.9991,-2.0801,0.2781,5.2752
dwpose_l_wholebody,hip_height_norm,208,208,100.0,9.1648,12.6065,0.6281,2.991,94.0013
dwpose_l_wholebody,knee_height_norm,207,208,99.5,4.0989,6.0047,-1.398,1.2561,44.5006
dwpose_l_wholebody,hip_height_torso_norm,208,208,100.0,1.4008,0.3393,0.4661,1.5431,1.7369
dwpose_l_wholebody,knee_height_torso_norm,207,208,99.5,0.6464,0.242,-0.2208,0.7338,1.0861
dwpose_l_wholebody,trunk_foreshortening_ratio,208,208,100.0,6.3937,7.8024,1.2702,2.1222,57.6072
dwpose_l_wholebody,left_foot_length_norm,208,208,100.0,2.3413,3.423,0.0749,0.7472,25.1797
dwpose_l_wholebody,right_foot_length_norm,208,208,100.0,2.2845,3.2026,0.0573,1.011,22.006
dwpose_l_wholebody,shin_crossing_angle_deg,107,208,51.4,28.2665,38.0726,0.3091,13.8706,161.4347
dwpose_l_wholebody,shin_crossing_distance_norm,107,208,51.4,0.3999,0.3084,0.0,0.3827,1.4423
dwpose_l_wholebody,ankle_crossing_signed_norm,108,208,51.9,-0.04,0.5681,-1.4745,0.03,1.0649
dwpose_l_wholebody,knee_crossing_signed_norm,107,208,51.4,0.221,1.0718,-2.6817,0.4341,3.0104
dwpose_l_wholebody,left_ankle_hip_deviation_norm,108,208,51.9,0.1862,0.1942,0.0,0.1266,0.9837
dwpose_l_wholebody,right_ankle_hip_deviation_norm,108,208,51.9,0.2518,0.2117,0.0,0.2107,1.1899
dwpose_l_wholebody,left_elbow_shoulder_alignment_norm,108,208,51.9,0.6376,0.1663,0.2749,0.66,1.0805
dwpose_l_wholebody,right_elbow_shoulder_alignment_norm,108,208,51.9,0.6603,0.1648,0.2749,0.6649,1.1314
dwpose_l_wholebody,mean_elbow_shoulder_alignment_norm,108,208,51.9,0.649,0.1643,0.2749,0.6637,1.1047
dwpose_l_wholebody,left_arm_abduction_deg,208,208,100.0,31.1418,22.1903,0.0,40.9617,72.2161
dwpose_l_wholebody,right_arm_abduction_deg,207,208,99.5,33.368,28.1588,0.0,40.2666,177.337
dwpose_l_wholebody,shoulder_width_px,208,208,100.0,180.8597,125.6058,8.5105,200.5075,372.4002
dwpose_l_wholebody,scale_px,208,208,100.0,180.8597,125.6058,8.5105,200.5075,372.4002
dwpose_l_wholebody,mudra_measurable,208,208,100.0,0.7212,0.4495,0.0,1.0,1.0
dwpose_l_wholebody,shoulder_torso_ratio,208,208,100.0,0.3938,0.2742,0.0174,0.4713,0.7873
dwpose_l_wholebody,torso_height_px,208,208,100.0,463.8028,25.6996,395.7349,466.7359,510.7769
dwpose_l_wholebody,left_hand_palm_size_px,136,208,65.4,68.0493,73.4878,0.0,62.3108,577.1933
dwpose_l_wholebody,left_hand_mean_finger_straightness_deg,96,208,46.2,143.6499,33.9937,0.0,157.7469,177.6153
dwpose_l_wholebody,left_hand_min_finger_straightness_deg,96,208,46.2,121.7987,47.0694,0.0,136.7205,175.2774
dwpose_l_wholebody,left_hand_mean_finger_flexion_deg,96,208,46.2,36.3501,33.9937,2.3847,22.2531,180.0
dwpose_l_wholebody,left_hand_mean_interfinger_spread_deg,94,208,45.2,24.9297,23.6152,0.0,15.8393,95.4098
dwpose_l_wholebody,left_hand_max_interfinger_spread_deg,94,208,45.2,45.6152,48.785,0.0,25.014,180.0
dwpose_l_wholebody,left_hand_mean_adjacent_fingertip_gap_norm,97,208,46.6,0.6758,2.3117,0.0,0.3393,22.9627
dwpose_l_wholebody,left_hand_max_adjacent_fingertip_gap_norm,97,208,46.6,0.9274,2.489,0.0,0.5572,24.6664
dwpose_l_wholebody,left_hand_index_pinky_tip_gap_norm,92,208,44.2,1.2555,2.1001,0.0,0.8858,19.5553
dwpose_l_wholebody,left_hand_palm_opening_norm,101,208,48.6,1.0972,1.6672,0.1344,0.9279,16.9317
dwpose_l_wholebody,left_hand_pinky_relative_extension,95,208,45.7,1.0543,0.5423,0.1112,1.0,3.92
dwpose_l_wholebody,left_hand_thumb_index_tip_distance_norm,91,208,43.8,0.9029,0.7938,0.0,0.719,4.0066
dwpose_l_wholebody,left_hand_thumb_middle_tip_distance_norm,89,208,42.8,1.1799,0.9143,0.0,1.0544,5.251
dwpose_l_wholebody,left_hand_fingertip_cluster_spread_norm,89,208,42.8,0.5231,0.3846,0.02,0.4444,2.0775
dwpose_l_wholebody,left_hand_extended_finger_contrast,94,208,45.2,-0.0398,0.316,-1.0077,0.0001,0.8586
dwpose_l_wholebody,left_hand_ring_pinky_straightness_deg,90,208,43.3,148.0112,32.2865,0.0,155.5615,180.0
dwpose_l_wholebody,left_hand_wrist_joint_angle_deg,102,208,49.0,118.3627,47.0046,5.4386,132.8904,177.6247
dwpose_l_wholebody,left_hand_wrist_deviation_deg,102,208,49.0,61.6373,47.0046,2.3753,47.1096,174.5614
dwpose_l_wholebody,left_hand_palm_axis_from_vertical_deg,102,208,49.0,64.3161,39.7935,0.0,72.742,166.4568
dwpose_l_wholebody,left_hand_wrist_lift_norm,192,208,92.3,0.3888,0.3753,-0.8278,0.3624,1.0258
dwpose_l_wholebody,right_hand_palm_size_px,125,208,60.1,64.7311,53.8385,0.0,61.7567,293.464
dwpose_l_wholebody,right_hand_mean_finger_straightness_deg,95,208,45.7,136.1536,41.9156,0.0,149.3325,180.0
dwpose_l_wholebody,right_hand_min_finger_straightness_deg,95,208,45.7,109.6305,56.381,0.0,119.1775,180.0
dwpose_l_wholebody,right_hand_mean_finger_flexion_deg,95,208,45.7,43.8464,41.9156,0.0,30.6675,180.0
dwpose_l_wholebody,right_hand_mean_interfinger_spread_deg,89,208,42.8,25.2426,26.917,0.0,12.9037,120.0
dwpose_l_wholebody,right_hand_max_interfinger_spread_deg,89,208,42.8,41.3066,45.1451,0.0,18.1209,180.0
dwpose_l_wholebody,right_hand_mean_adjacent_fingertip_gap_norm,93,208,44.7,1.494,6.7182,0.0,0.4215,57.523
dwpose_l_wholebody,right_hand_max_adjacent_fingertip_gap_norm,93,208,44.7,2.0933,8.9115,0.0,0.6131,73.4069
dwpose_l_wholebody,right_hand_index_pinky_tip_gap_norm,87,208,41.8,2.5429,8.6269,0.0,1.0051,65.6977
dwpose_l_wholebody,right_hand_palm_opening_norm,100,208,48.1,2.0453,6.6575,0.0475,0.9824,56.7388
dwpose_l_wholebody,right_hand_pinky_relative_extension,89,208,42.8,0.9643,0.4437,0.1446,0.9365,2.8783
dwpose_l_wholebody,right_hand_thumb_index_tip_distance_norm,89,208,42.8,2.4684,10.2535,0.0,0.8004,73.0005
dwpose_l_wholebody,right_hand_thumb_middle_tip_distance_norm,86,208,41.3,2.5322,9.5737,0.0,1.0442,77.4925
dwpose_l_wholebody,right_hand_fingertip_cluster_spread_norm,85,208,40.9,1.2671,4.9406,0.0,0.4622,35.0465
dwpose_l_wholebody,right_hand_extended_finger_contrast,93,208,44.7,-0.9699,5.2845,-39.3245,-0.0577,0.672
dwpose_l_wholebody,right_hand_ring_pinky_straightness_deg,90,208,43.3,139.3787,40.5645,0.0,143.692,180.0
dwpose_l_wholebody,right_hand_wrist_joint_angle_deg,102,208,49.0,119.1041,49.5346,3.4313,127.9873,179.8522
dwpose_l_wholebody,right_hand_wrist_deviation_deg,102,208,49.0,60.8959,49.5346,0.1478,52.0127,176.5687
dwpose_l_wholebody,right_hand_palm_axis_from_vertical_deg,103,208,49.5,76.3329,50.4951,0.0,81.1582,180.0
dwpose_l_wholebody,right_hand_wrist_lift_norm,185,208,88.9,0.4614,0.4134,-0.7308,0.4083,1.7163
dwpose_l_wholebody,recognition_confidence,208,208,100.0,0.8758,0.14,0.0,0.9244,1.0
dwpose_l_wholebody,score_SAMAPADHAM,208,208,100.0,0.6796,0.3331,0.0192,0.8836,0.9689
dwpose_l_wholebody,score_ARAMANDI,208,208,100.0,0.6076,0.2166,0.0432,0.6443,0.9721
dwpose_l_wholebody,score_MUZHUMANDI,208,208,100.0,0.2177,0.2898,0.0341,0.0829,0.9951
dwpose_l_wholebody,score_SWASTIKAPADAM,208,208,100.0,0.6022,0.2916,0.0,0.6781,1.0
dwpose_l_wholebody,primary_value,206,208,99.0,20.7136,24.3768,-0.1106,10.9025,116.2627
dwpose_l_wholebody,posture_correct,208,208,100.0,0.6106,0.4888,0.0,1.0,1.0
dwpose_l_wholebody,status_correct,208,208,100.0,0.5529,0.4984,0.0,1.0,1.0
dwpose_l_wholebody,error_correct,208,208,100.0,0.1683,0.375,0.0,0.0,1.0
dwpose_l_wholebody,unused_landmark_slots,208,208,100.0,6.5337,9.2213,0.0,1.0,37.0
dwpose_l_wholebody,score_PATAKA,122,208,58.7,0.5969,0.2575,0.0797,0.6121,0.981
dwpose_l_wholebody,score_ALAPADMA,122,208,58.7,0.5126,0.2171,0.0216,0.4934,0.964
dwpose_l_wholebody,score_MUSHTI,122,208,58.7,0.5143,0.2265,0.0225,0.4939,0.9507
dwpose_l_wholebody,score_KATAKAMUKHA,122,208,58.7,0.4296,0.2168,0.0,0.4193,0.9855
rtmpose_m_halpe26,variation_id,208,208,100.0,13.5,7.5181,1.0,13.5,26.0
rtmpose_m_halpe26,hand_refined_left,208,208,100.0,0.0,0.0,0.0,0.0,0.0
rtmpose_m_halpe26,hand_refined_right,208,208,100.0,0.0,0.0,0.0,0.0,0.0
rtmpose_m_halpe26,processing_ms,208,208,100.0,212.677,34.6519,159.67,209.27,509.2
rtmpose_m_halpe26,detect_ms,208,208,100.0,181.3719,29.8638,126.35,178.7,435.86
rtmpose_m_halpe26,pose_ms,208,208,100.0,31.305,9.6182,20.28,30.475,112.53
rtmpose_m_halpe26,landmarks_supported_by_model,208,208,100.0,19.0,0.0,19.0,19.0,19.0
rtmpose_m_halpe26,required_landmarks_available,208,208,100.0,1.0,0.0,1.0,1.0,1.0
rtmpose_m_halpe26,parameter_calculation_ok,208,208,100.0,1.0,0.0,1.0,1.0,1.0
rtmpose_m_halpe26,landmarks_available_count,208,208,100.0,18.9856,0.1547,17.0,19.0,19.0
rtmpose_m_halpe26,body_landmarks_available,208,208,100.0,1.0,0.0,1.0,1.0,1.0
rtmpose_m_halpe26,feet_landmarks_available,208,208,100.0,0.9904,0.0978,0.0,1.0,1.0
rtmpose_m_halpe26,arm_landmarks_available,208,208,100.0,1.0,0.0,1.0,1.0,1.0
rtmpose_m_halpe26,left_hand_available,208,208,100.0,0.0,0.0,0.0,0.0,0.0
rtmpose_m_halpe26,right_hand_available,208,208,100.0,0.0,0.0,0.0,0.0,0.0
rtmpose_m_halpe26,left_knee_flexion_deg,208,208,100.0,35.5135,51.0611,0.5944,8.656,159.8057
rtmpose_m_halpe26,right_knee_flexion_deg,208,208,100.0,37.4742,52.2294,0.1019,8.848,164.1464
rtmpose_m_halpe26,mean_knee_flexion_deg,208,208,100.0,36.4939,51.0402,0.4037,9.1799,160.8513
rtmpose_m_halpe26,left_knee_joint_angle_deg,208,208,100.0,144.4865,51.0611,20.1943,171.344,179.4056
rtmpose_m_halpe26,right_knee_joint_angle_deg,208,208,100.0,142.5258,52.2294,15.8536,171.152,179.8981
rtmpose_m_halpe26,knee_asymmetry_deg,108,208,51.9,6.6512,9.6774,0.0208,3.9012,55.693
rtmpose_m_halpe26,foot_separation_norm,108,208,51.9,0.4724,0.2796,0.0196,0.4046,1.2407
rtmpose_m_halpe26,heel_separation_norm,108,208,51.9,0.3935,0.2466,0.0392,0.3003,1.1148
rtmpose_m_halpe26,toe_separation_norm,107,208,51.4,0.6687,0.5518,0.0179,0.4122,2.0401
rtmpose_m_halpe26,toe_heel_separation_ratio,107,208,51.4,1.827,1.4496,0.072,1.4593,8.0722
rtmpose_m_halpe26,foot_line_deviation_deg,108,208,51.9,12.107,16.8705,0.0,6.6326,90.0
rtmpose_m_halpe26,ankle_line_deviation_deg,108,208,51.9,10.4599,17.7941,0.0,3.4509,90.0
rtmpose_m_halpe26,left_foot_turnout_deg,102,208,49.0,42.8941,28.4708,0.0,47.4302,82.5685
rtmpose_m_halpe26,right_foot_turnout_deg,94,208,45.2,37.0791,31.0344,0.0,29.0863,90.0
rtmpose_m_halpe26,mean_foot_turnout_deg,103,208,49.5,40.9964,27.8468,1.7881,44.4596,81.0775
rtmpose_m_halpe26,foot_turnout_asymmetry_deg,93,208,44.7,14.4071,14.8272,0.0,10.3047,76.6033
rtmpose_m_halpe26,left_knee_foot_alignment_deg,107,208,51.4,45.7032,28.7269,0.5579,42.1603,90.0
rtmpose_m_halpe26,right_knee_foot_alignment_deg,107,208,51.4,50.7757,29.7896,2.0508,47.0827,89.7914
rtmpose_m_halpe26,mean_knee_foot_alignment_deg,107,208,51.4,48.2395,27.6086,4.0013,44.8531,89.2154
rtmpose_m_halpe26,knee_spread_norm,108,208,51.9,0.9426,0.7304,0.0865,0.6273,2.9108
rtmpose_m_halpe26,knee_over_ankle_spread_ratio,108,208,51.9,2.5975,3.0132,0.1003,1.8417,24.0204
rtmpose_m_halpe26,trunk_inclination_deg,208,208,100.0,2.3916,3.4519,0.0,1.4688,19.7672
rtmpose_m_halpe26,hip_tilt_deg,108,208,51.9,1.9541,1.563,0.0,1.9749,8.1301
rtmpose_m_halpe26,shoulder_tilt_deg,108,208,51.9,1.8218,1.8411,0.0,1.1458,11.8887
rtmpose_m_halpe26,pelvic_symmetry_deg,108,208,51.9,1.9541,1.563,0.0,1.9749,8.1301
rtmpose_m_halpe26,com_lateral_offset_norm,108,208,51.9,-0.0881,0.107,-0.4928,-0.0954,0.1372
rtmpose_m_halpe26,pelvis_lateral_offset_norm,108,208,51.9,-0.0576,0.0918,-0.3348,-0.066,0.1373
rtmpose_m_halpe26,leg_length_ratio_proxy,108,208,51.9,0.9703,0.0413,0.7738,0.9884,1.0
rtmpose_m_halpe26,weight_shift_proxy,108,208,51.9,0.0976,0.0699,0.0,0.0928,0.3482
rtmpose_m_halpe26,left_heel_lift_norm,206,208,99.0,0.5823,1.1819,-1.2649,0.1869,6.5001
rtmpose_m_halpe26,right_heel_lift_norm,205,208,98.6,0.7581,1.4783,-0.9487,0.25,9.0004
rtmpose_m_halpe26,mean_heel_lift_norm,206,208,99.0,0.6763,1.2681,-1.1068,0.1982,7.0711
rtmpose_m_halpe26,hip_height_norm,207,208,99.5,9.02,13.3739,0.3607,2.3627,114.0052
rtmpose_m_halpe26,knee_height_norm,207,208,99.5,4.1858,6.274,-2.8125,1.1479,54.5025
rtmpose_m_halpe26,hip_height_torso_norm,208,208,100.0,1.2438,0.3905,0.2609,1.4225,1.639
rtmpose_m_halpe26,knee_height_torso_norm,208,208,100.0,0.5972,0.215,-0.2428,0.6868,0.8338
rtmpose_m_halpe26,trunk_foreshortening_ratio,207,208,99.5,7.2828,9.8673,1.1563,1.679,78.1972
rtmpose_m_halpe26,left_foot_length_norm,206,208,99.0,2.5182,3.913,0.0608,0.6836,32.0639
rtmpose_m_halpe26,right_foot_length_norm,205,208,98.6,2.4919,3.7353,0.037,0.6524,29.4122
rtmpose_m_halpe26,shin_crossing_angle_deg,108,208,51.9,34.491,39.2846,0.0,16.249,179.0153
rtmpose_m_halpe26,shin_crossing_distance_norm,108,208,51.9,0.4199,0.3101,0.0,0.3765,1.2407
rtmpose_m_halpe26,ankle_crossing_signed_norm,108,208,51.9,-0.017,0.5433,-1.2396,0.0098,0.9645
rtmpose_m_halpe26,knee_crossing_signed_norm,108,208,51.9,0.0932,1.1886,-2.6237,0.1425,2.8936
rtmpose_m_halpe26,left_ankle_hip_deviation_norm,108,208,51.9,0.1459,0.1427,0.0,0.0943,0.6078
rtmpose_m_halpe26,right_ankle_hip_deviation_norm,108,208,51.9,0.2107,0.1817,0.0,0.1681,1.0816
rtmpose_m_halpe26,left_elbow_shoulder_alignment_norm,108,208,51.9,0.595,0.1372,0.2447,0.6222,1.0043
rtmpose_m_halpe26,right_elbow_shoulder_alignment_norm,108,208,51.9,0.6172,0.1263,0.2763,0.6411,1.0301
rtmpose_m_halpe26,mean_elbow_shoulder_alignment_norm,108,208,51.9,0.6061,0.1297,0.2753,0.6395,1.0172
rtmpose_m_halpe26,left_arm_abduction_deg,208,208,100.0,30.8459,21.5351,0.0,39.2894,79.2869
rtmpose_m_halpe26,right_arm_abduction_deg,208,208,100.0,30.2036,22.5489,0.0,38.8054,157.8336
rtmpose_m_halpe26,shoulder_width_px,208,208,100.0,187.8037,134.3038,0.0,285.819,416.8727
rtmpose_m_halpe26,scale_px,208,208,100.0,187.8037,134.3038,0.0,285.819,416.8727
rtmpose_m_halpe26,mudra_measurable,208,208,100.0,0.0,0.0,0.0,0.0,0.0
rtmpose_m_halpe26,shoulder_torso_ratio,208,208,100.0,0.3929,0.2846,0.0,0.5953,0.8648
rtmpose_m_halpe26,torso_height_px,208,208,100.0,487.7851,27.8325,382.8022,488.4232,578.9125
rtmpose_m_halpe26,left_hand_palm_size_px,0,208,0.0,,,,,
rtmpose_m_halpe26,left_hand_mean_finger_straightness_deg,0,208,0.0,,,,,
rtmpose_m_halpe26,left_hand_min_finger_straightness_deg,0,208,0.0,,,,,
rtmpose_m_halpe26,left_hand_mean_finger_flexion_deg,0,208,0.0,,,,,
rtmpose_m_halpe26,left_hand_mean_interfinger_spread_deg,0,208,0.0,,,,,
rtmpose_m_halpe26,left_hand_max_interfinger_spread_deg,0,208,0.0,,,,,
rtmpose_m_halpe26,left_hand_mean_adjacent_fingertip_gap_norm,0,208,0.0,,,,,
rtmpose_m_halpe26,left_hand_max_adjacent_fingertip_gap_norm,0,208,0.0,,,,,
rtmpose_m_halpe26,left_hand_index_pinky_tip_gap_norm,0,208,0.0,,,,,
rtmpose_m_halpe26,left_hand_palm_opening_norm,0,208,0.0,,,,,
rtmpose_m_halpe26,left_hand_pinky_relative_extension,0,208,0.0,,,,,
rtmpose_m_halpe26,left_hand_thumb_index_tip_distance_norm,0,208,0.0,,,,,
rtmpose_m_halpe26,left_hand_thumb_middle_tip_distance_norm,0,208,0.0,,,,,
rtmpose_m_halpe26,left_hand_fingertip_cluster_spread_norm,0,208,0.0,,,,,
rtmpose_m_halpe26,left_hand_extended_finger_contrast,0,208,0.0,,,,,
rtmpose_m_halpe26,left_hand_ring_pinky_straightness_deg,0,208,0.0,,,,,
rtmpose_m_halpe26,left_hand_wrist_joint_angle_deg,0,208,0.0,,,,,
rtmpose_m_halpe26,left_hand_wrist_deviation_deg,0,208,0.0,,,,,
rtmpose_m_halpe26,left_hand_palm_axis_from_vertical_deg,0,208,0.0,,,,,
rtmpose_m_halpe26,left_hand_wrist_lift_norm,0,208,0.0,,,,,
rtmpose_m_halpe26,right_hand_palm_size_px,0,208,0.0,,,,,
rtmpose_m_halpe26,right_hand_mean_finger_straightness_deg,0,208,0.0,,,,,
rtmpose_m_halpe26,right_hand_min_finger_straightness_deg,0,208,0.0,,,,,
rtmpose_m_halpe26,right_hand_mean_finger_flexion_deg,0,208,0.0,,,,,
rtmpose_m_halpe26,right_hand_mean_interfinger_spread_deg,0,208,0.0,,,,,
rtmpose_m_halpe26,right_hand_max_interfinger_spread_deg,0,208,0.0,,,,,
rtmpose_m_halpe26,right_hand_mean_adjacent_fingertip_gap_norm,0,208,0.0,,,,,
rtmpose_m_halpe26,right_hand_max_adjacent_fingertip_gap_norm,0,208,0.0,,,,,
rtmpose_m_halpe26,right_hand_index_pinky_tip_gap_norm,0,208,0.0,,,,,
rtmpose_m_halpe26,right_hand_palm_opening_norm,0,208,0.0,,,,,
rtmpose_m_halpe26,right_hand_pinky_relative_extension,0,208,0.0,,,,,
rtmpose_m_halpe26,right_hand_thumb_index_tip_distance_norm,0,208,0.0,,,,,
rtmpose_m_halpe26,right_hand_thumb_middle_tip_distance_norm,0,208,0.0,,,,,
rtmpose_m_halpe26,right_hand_fingertip_cluster_spread_norm,0,208,0.0,,,,,
rtmpose_m_halpe26,right_hand_extended_finger_contrast,0,208,0.0,,,,,
rtmpose_m_halpe26,right_hand_ring_pinky_straightness_deg,0,208,0.0,,,,,
rtmpose_m_halpe26,right_hand_wrist_joint_angle_deg,0,208,0.0,,,,,
rtmpose_m_halpe26,right_hand_wrist_deviation_deg,0,208,0.0,,,,,
rtmpose_m_halpe26,right_hand_palm_axis_from_vertical_deg,0,208,0.0,,,,,
rtmpose_m_halpe26,right_hand_wrist_lift_norm,0,208,0.0,,,,,
rtmpose_m_halpe26,recognition_confidence,208,208,100.0,0.8691,0.0628,0.5827,0.8818,0.9998
rtmpose_m_halpe26,score_SAMAPADHAM,208,208,100.0,0.6223,0.3356,0.0051,0.8422,0.9492
rtmpose_m_halpe26,score_ARAMANDI,208,208,100.0,0.5919,0.2243,0.0119,0.6411,0.9473
rtmpose_m_halpe26,score_MUZHUMANDI,208,208,100.0,0.2594,0.2641,0.0527,0.1251,0.9623
rtmpose_m_halpe26,score_SWASTIKAPADAM,208,208,100.0,0.5743,0.2938,0.0,0.6328,0.9998
rtmpose_m_halpe26,primary_value,208,208,100.0,21.3796,22.4632,-0.1333,15.1658,78.6901
rtmpose_m_halpe26,posture_correct,208,208,100.0,0.5,0.5012,0.0,0.5,1.0
rtmpose_m_halpe26,status_correct,208,208,100.0,0.5048,0.5012,0.0,1.0,1.0
rtmpose_m_halpe26,error_correct,208,208,100.0,0.1298,0.3369,0.0,0.0,1.0
rtmpose_m_halpe26,unused_landmark_slots,208,208,100.0,48.0144,0.1547,48.0,48.0,50.0
